{"cameraMode":{"drawMode":0,"name":"Shaded","section":"Shading Mode"},"sceneLighting":true,"audioPlay":false,"sceneViewState":{"showFog":true,"showMaterialUpdate":false,"showSkybox":true,"showFlares":true,"showImageEffects":true,"showParticleSystems":true},"in2DMode":false,"pivot":{"x":-3.0343017578125,"y":4.14013671875,"z":0.908203125},"rotation":{"x":0.06146092340350151,"y":0.0029943310655653478,"z":-0.0001843845093389973,"w":0.9981055855751038},"size":15.214866638183594,"orthographic":true}