{"cameraMode":{"drawMode":0,"name":"Shaded","section":"Shading Mode"},"sceneLighting":true,"audioPlay":false,"sceneViewState":{"showFog":true,"showMaterialUpdate":true,"showSkybox":true,"showFlares":true,"showImageEffects":true,"showParticleSystems":true},"in2DMode":false,"pivot":{"x":-3.6435546875,"y":2.13763427734375,"z":-3.5380859375},"rotation":{"x":0.0518287718296051,"y":0.042246073484420779,"z":-0.0021934679243713619,"w":0.997765302658081},"size":8.353031158447266,"orthographic":true}