{"cameraMode":{"drawMode":0,"name":"Shaded","section":"Shading Mode"},"sceneLighting":true,"audioPlay":false,"sceneViewState":{"showFog":true,"showMaterialUpdate":false,"showSkybox":false,"showFlares":true,"showImageEffects":true,"showParticleSystems":true},"in2DMode":false,"pivot":{"x":0.0,"y":0.14000000059604646,"z":0.8999999761581421},"rotation":{"x":-0.06313065439462662,"y":0.6047797799110413,"z":0.048181548714637759,"w":0.7924226522445679},"size":7.54013729095459,"orthographic":false}